,0,1,2,3,4,5,6,7,8,9,10,11,12,13,14,15,16,17,18,19,20,21,22,23,24,25,26,27,28,29,30,31,32,33,34,35,36,37,38,39,40,41,42,43,44,45,46,47,48,49,50,51,52,53,54,55,56,57,58,59,60,61,62,63,64,65,66,67,68,69,70,71,72,73,74,75,76,77,78,79,80,81,82,83,84,85,86,87,88,89,90,91,92,93,94,95,96,97,98,99,100
0,2194,2208,2195,2218,2246,2258,2265,2278,2292,2305,2328,2363,2396,2448,2488,2512,2534,2539,2540,2532,2528,2546,2575,2602,2636,2666,2689,2709,2786,2834,2869,2892,2909,2932,2967,3011,3055,3090,3125,3174,3247,3344,3456,3567,3649,3665,3603,3496,3379,3271,3168,3065,2934,2909,2869,2842,2827,2813,2787,2742,2686,2666,2655,2656,2651,2644,2639,2635,2627,2627,2650,2684,2749,2845,2903,2868,2792,2739,2728,2706,2691,2685,2691,2700,2691,2695,2719,2770,2796,2810,2819,2827,2847,2897,2956,2987,3001,3013,3029,3052,3076
1,2150,2169,2165,2206,2244,2259,2266,2280,2298,2314,2332,2355,2389,2436,2479,2508,2522,2530,2526,2519,2518,2529,2547,2573,2621,2660,2684,2711,2767,2816,2844,2867,2884,2906,2942,2984,3025,3059,3094,3146,3222,3319,3426,3528,3607,3637,3597,3502,3388,3277,3170,3062,2928,2897,2864,2842,2828,2811,2782,2737,2680,2661,2654,2648,2642,2639,2632,2633,2632,2627,2629,2653,2689,2771,2849,2860,2771,2722,2707,2676,2671,2678,2684,2694,2688,2691,2719,2763,2786,2813,2834,2849,2878,2922,2975,3002,3011,3018,3027,3050,3067
2,2119,2127,2143,2182,2226,2252,2269,2285,2293,2315,2333,2349,2376,2412,2450,2486,2508,2520,2503,2501,2505,2512,2526,2544,2596,2654,2692,2724,2754,2807,2847,2861,2878,2892,2936,2977,3010,3052,3055,3125,3205,3302,3400,3493,3574,3619,3601,3517,3404,3289,3176,3062,2917,2885,2859,2843,2831,2808,2781,2745,2687,2661,2655,2645,2635,2630,2627,2626,2625,2626,2618,2631,2649,2701,2757,2832,2702,2672,2654,2639,2656,2669,2679,2684,2683,2691,2719,2749,2775,2809,2840,2871,2908,2948,2985,3012,3023,3027,3035,3050,3076
3,2089,2107,2126,2157,2185,2224,2263,2288,2296,2314,2335,2355,2373,2394,2429,2470,2496,2496,2478,2486,2493,2504,2519,2540,2576,2640,2682,2726,2771,2818,2846,2864,2876,2892,2926,2958,2994,3025,3042,3103,3186,3282,3377,3471,3561,3621,3613,3535,3421,3303,3184,3063,2903,2876,2854,2844,2829,2805,2776,2750,2705,2665,2653,2641,2633,2627,2622,2622,2623,2617,2613,2612,2634,2654,2693,2692,2659,2626,2610,2621,2650,2666,2676,2677,2680,2691,2723,2750,2779,2819,2848,2883,2938,2980,2999,3017,3028,3035,3042,3061,3084
4,2072,2086,2101,2126,2154,2184,2208,2251,2291,2320,2340,2365,2383,2392,2421,2459,2471,2451,2456,2472,2488,2501,2527,2560,2583,2618,2656,2710,2771,2826,2853,2867,2875,2895,2918,2945,2971,2991,3023,3050,3166,3262,3360,3463,3563,3629,3621,3544,3432,3313,3189,3062,2886,2863,2848,2838,2823,2802,2772,2751,2723,2685,2648,2637,2629,2622,2619,2619,2619,2613,2606,2607,2620,2635,2647,2630,2611,2595,2594,2614,2642,2657,2669,2672,2677,2697,2737,2762,2800,2844,2868,2902,2965,3006,3015,3026,3035,3051,3058,3069,3088
5,2058,2071,2079,2099,2125,2153,2182,2206,2258,2311,2341,2366,2386,2399,2420,2431,2419,2424,2447,2471,2491,2514,2548,2579,2596,2608,2636,2694,2768,2820,2852,2873,2888,2904,2920,2933,2950,2986,3016,3051,3153,3250,3353,3464,3571,3634,3617,3538,3430,3312,3187,3059,2883,2858,2842,2833,2813,2797,2772,2753,2731,2707,2661,2639,2628,2620,2621,2614,2612,2606,2603,2602,2606,2622,2625,2591,2576,2573,2586,2610,2633,2649,2659,2666,2679,2712,2752,2791,2834,2871,2893,2934,2982,3030,3034,3037,3051,3064,3069,3078,3093
6,2043,2055,2057,2074,2088,2115,2158,2183,2208,2240,2293,2352,2389,2402,2408,2410,2401,2418,2450,2475,2500,2523,2545,2564,2580,2597,2629,2689,2756,2809,2844,2878,2896,2912,2923,2935,2944,2989,3027,3062,3149,3246,3353,3468,3574,3631,3602,3520,3413,3296,3175,3053,2901,2870,2846,2835,2817,2797,2769,2753,2736,2716,2688,2642,2624,2619,2619,2615,2608,2602,2596,2587,2585,2599,2605,2568,2555,2555,2580,2601,2626,2640,2648,2662,2687,2726,2774,2815,2866,2895,2924,2962,3006,3039,3039,3048,3060,3067,3073,3085,3096
7,2030,2040,2041,2051,2067,2083,2122,2156,2182,2204,2241,2294,2366,2385,2384,2400,2406,2425,2454,2478,2503,2500,2517,2539,2561,2593,2631,2681,2747,2797,2839,2873,2896,2916,2931,2935,2949,2981,3036,3076,3126,3246,3356,3471,3572,3619,3584,3497,3387,3192,3135,3039,2924,2879,2855,2838,2823,2799,2767,2751,2733,2719,2702,2661,2622,2617,2613,2615,2610,2600,2591,2579,2567,2575,2571,2542,2533,2547,2570,2598,2620,2629,2642,2667,2698,2734,2784,2830,2882,2915,2943,2988,3035,3045,3043,3056,3065,3071,3078,3090,3100
8,2019,2026,2027,2030,2041,2055,2080,2120,2162,2185,2221,2265,2312,2345,2365,2397,2422,2443,2459,2478,2478,2476,2498,2521,2548,2590,2633,2684,2741,2788,2830,2864,2897,2915,2928,2934,2950,2986,3034,3079,3120,3248,3359,3473,3567,3605,3563,3470,3354,3149,3102,3010,2933,2884,2862,2844,2830,2808,2782,2758,2740,2731,2720,2683,2626,2615,2611,2609,2605,2598,2582,2569,2552,2547,2538,2516,2519,2542,2564,2594,2611,2623,2646,2686,2713,2745,2793,2842,2889,2937,2972,3022,3048,3048,3049,3061,3072,3077,3082,3093,3103
9,2008,2014,2017,2015,2021,2032,2049,2079,2130,2171,2209,2253,2299,2336,2367,2409,2434,2441,2447,2467,2455,2461,2480,2505,2543,2595,2642,2697,2742,2783,2827,2868,2897,2915,2930,2940,2963,2996,3037,3077,3118,3251,3365,3478,3565,3589,3537,3437,3222,3150,3078,3001,2937,2895,2873,2851,2835,2815,2792,2760,2744,2740,2731,2702,2630,2609,2607,2603,2596,2588,2578,2558,2539,2524,2524,2511,2514,2538,2564,2581,2597,2630,2673,2708,2729,2769,2809,2848,2906,2954,2991,3046,3053,3059,3064,3066,3075,3081,3090,3092,3101
10,1999,2005,2011,2011,2017,2028,2044,2074,2108,2152,2200,2243,2291,2335,2379,2413,2427,2433,2446,2459,2447,2455,2471,2492,2539,2599,2654,2705,2750,2788,2835,2878,2910,2932,2946,2963,2984,3015,3045,3086,3120,3256,3371,3485,3564,3570,3506,3315,3236,3153,3066,2994,2936,2904,2882,2854,2839,2820,2803,2761,2748,2746,2735,2707,2641,2605,2602,2595,2587,2580,2570,2550,2526,2514,2519,2512,2520,2542,2559,2566,2590,2646,2705,2742,2767,2795,2820,2858,2912,2974,3024,3076,3074,3075,3083,3079,3080,3085,3095,3101,3107
11,1997,2001,2008,2012,2019,2027,2042,2065,2100,2144,2189,2233,2275,2331,2378,2411,2426,2429,2448,2447,2434,2453,2465,2493,2554,2617,2664,2704,2736,2776,2825,2871,2924,2964,2973,2982,3012,3037,3069,3093,3130,3262,3376,3485,3553,3543,3472,3337,3245,3154,3065,2986,2938,2903,2881,2856,2839,2822,2808,2768,2755,2746,2732,2705,2643,2597,2591,2585,2577,2568,2559,2544,2526,2514,2512,2514,2527,2542,2547,2557,2585,2695,2734,2772,2806,2821,2836,2872,2925,3006,3047,3108,3106,3102,3108,3105,3100,3105,3105,3107,3109
12,1996,2002,2007,2011,2014,2031,2053,2062,2087,2132,2170,2211,2257,2311,2368,2410,2435,2442,2437,2434,2443,2452,2473,2530,2598,2645,2669,2708,2729,2769,2820,2874,2939,2995,2998,3014,3043,3065,3081,3111,3158,3269,3376,3476,3531,3513,3389,3352,3261,3163,3063,2992,2934,2901,2878,2859,2845,2828,2808,2774,2761,2748,2730,2703,2646,2599,2586,2573,2565,2553,2546,2540,2529,2514,2510,2517,2527,2533,2536,2558,2600,2676,2746,2786,2832,2846,2857,2881,2935,2996,3063,3134,3147,3142,3142,3110,3133,3125,3122,3114,3109
13,1998,2002,2006,2006,2010,2023,2053,2072,2081,2117,2151,2179,2224,2278,2334,2383,2412,2428,2421,2438,2461,2472,2503,2568,2632,2677,2721,2730,2738,2789,2825,2900,2968,3030,3030,3041,3078,3097,3110,3133,3171,3272,3370,3460,3507,3492,3405,3367,3285,3188,3084,3029,2949,2901,2881,2869,2862,2845,2821,2789,2765,2748,2730,2702,2646,2605,2586,2565,2554,2544,2537,2535,2533,2521,2508,2515,2522,2525,2523,2556,2613,2695,2741,2797,2839,2859,2874,2898,2942,3003,3074,3138,3194,3188,3188,3185,3187,3160,3146,3124,3121
14,1996,2001,2005,2009,2013,2018,2051,2077,2084,2105,2132,2157,2196,2238,2282,2344,2386,2404,2414,2446,2475,2499,2533,2592,2654,2693,2700,2717,2741,2784,2846,2919,3023,3067,3071,3080,3113,3138,3139,3164,3186,3230,3362,3448,3495,3492,3424,3370,3307,3214,3111,3054,2969,2911,2894,2882,2876,2866,2844,2806,2770,2748,2733,2705,2659,2616,2590,2563,2545,2544,2538,2531,2529,2524,2510,2511,2518,2518,2512,2552,2613,2677,2739,2795,2851,2869,2886,2912,2947,3006,3079,3150,3221,3234,3248,3247,3246,3204,3169,3148,3140
15,1998,2004,2007,2010,2014,2017,2037,2074,2091,2102,2120,2139,2177,2221,2253,2301,2358,2391,2413,2444,2478,2508,2544,2589,2633,2661,2665,2682,2713,2765,2899,2928,2990,3032,3086,3104,3128,3160,3179,3181,3202,3249,3322,3447,3513,3490,3418,3350,3280,3227,3128,3078,2988,2923,2906,2898,2895,2886,2874,2843,2789,2757,2745,2717,2680,2638,2592,2559,2536,2533,2539,2533,2525,2522,2513,2506,2513,2516,2508,2552,2601,2656,2710,2776,2866,2886,2895,2919,2953,2994,3078,3157,3228,3282,3312,3313,3274,3247,3194,3158,3154
16,2002,2005,2008,2012,2013,2018,2027,2059,2091,2109,2124,2138,2160,2203,2246,2274,2321,2360,2404,2436,2468,2504,2544,2578,2600,2606,2612,2637,2660,2683,2804,2881,2930,2969,3018,3063,3101,3135,3164,3194,3229,3274,3363,3443,3506,3460,3385,3317,3246,3188,3139,3090,3013,2939,2921,2917,2910,2902,2896,2873,2822,2776,2762,2737,2703,2651,2596,2558,2537,2528,2529,2531,2526,2516,2512,2503,2505,2509,2509,2544,2584,2620,2680,2760,2840,2901,2908,2926,2957,2996,3036,3161,3248,3319,3363,3368,3340,3312,3287,3278,3274
17,2006,2005,2006,2009,2014,2021,2027,2042,2072,2101,2129,2141,2151,2172,2212,2246,2285,2339,2393,2427,2459,2489,2526,2566,2584,2601,2606,2624,2645,2672,2712,2771,2839,2828,2946,3001,3052,3098,3143,3189,3242,3337,3414,3482,3499,3433,3358,3272,3202,3142,3095,3043,3000,2955,2936,2929,2923,2914,2908,2894,2861,2802,2779,2755,2724,2672,2603,2559,2536,2528,2520,2519,2527,2514,2509,2501,2495,2504,2509,2535,2570,2606,2656,2722,2817,2899,2916,2940,2967,3004,3036,3167,3253,3325,3370,3383,3363,3375,3333,3333,3330
18,2023,2011,2009,2013,2020,2032,2044,2047,2063,2085,2115,2135,2148,2161,2190,2221,2266,2308,2370,2427,2461,2483,2505,2537,2564,2586,2608,2623,2639,2659,2692,2729,2769,2810,2846,2941,2996,3051,3107,3164,3225,3297,3377,3439,3480,3407,3330,3247,3152,3104,3062,3023,2997,2970,2949,2938,2936,2925,2922,2913,2880,2822,2795,2772,2735,2680,2628,2585,2539,2526,2520,2510,2517,2514,2500,2499,2490,2494,2500,2531,2562,2593,2643,2708,2794,2868,2923,2965,2993,3027,3109,3179,3245,3296,3327,3340,3337,3330,3327,3325,3326
19,2030,2026,2025,2031,2036,2042,2058,2064,2068,2078,2100,2124,2143,2162,2185,2209,2251,2277,2324,2396,2459,2483,2487,2507,2533,2556,2593,2625,2642,2656,2683,2712,2756,2804,2841,2896,2947,3003,3064,3128,3195,3273,3356,3417,3424,3368,3281,3180,3112,3081,3043,3017,2997,2972,2958,2946,2941,2936,2931,2921,2892,2842,2816,2788,2744,2697,2671,2646,2567,2522,2516,2515,2503,2508,2497,2497,2490,2485,2489,2518,2556,2586,2628,2701,2784,2865,2935,2998,3054,3103,3148,3190,3226,3250,3263,3272,3279,3284,3288,3291,3299
20,2027,2029,2038,2049,2059,2060,2070,2076,2079,2081,2091,2106,2124,2145,2176,2200,2222,2249,2292,2365,2430,2467,2477,2479,2489,2524,2574,2619,2639,2654,2681,2708,2748,2794,2834,2868,2907,2939,3027,3097,3171,3257,3346,3408,3410,3353,3232,3138,3085,3053,3027,3005,2988,2973,2962,2954,2946,2941,2935,2924,2899,2864,2842,2800,2755,2712,2706,2686,2603,2526,2507,2509,2499,2498,2491,2490,2488,2475,2475,2495,2539,2572,2613,2690,2777,2863,2946,3025,3092,3137,3164,3180,3189,3195,3199,3206,3218,3231,3242,3247,3269
21,2029,2025,2041,2059,2078,2083,2087,2091,2092,2091,2094,2107,2117,2131,2157,2182,2214,2237,2278,2350,2406,2435,2459,2465,2479,2497,2543,2596,2632,2659,2680,2710,2742,2782,2833,2865,2906,2952,2988,3078,3161,3255,3348,3408,3406,3342,3243,3100,3078,3044,3019,2992,2981,2977,2968,2960,2952,2946,2938,2926,2905,2883,2879,2868,2767,2731,2740,2728,2678,2561,2504,2499,2498,2485,2487,2479,2482,2467,2465,2475,2517,2558,2597,2678,2768,2859,2948,3032,3094,3124,3134,3134,3133,3136,3143,3155,3172,3190,3206,3220,3226
22,2035,2026,2046,2062,2082,2099,2104,2106,2104,2103,2112,2119,2124,2128,2143,2166,2192,2230,2266,2337,2382,2421,2438,2456,2473,2487,2520,2579,2629,2664,2691,2720,2745,2777,2823,2868,2910,2956,3001,3043,3158,3262,3356,3410,3400,3330,3228,3100,3070,3040,3010,2990,2981,2977,2969,2963,2959,2951,2941,2928,2910,2904,2931,2918,2778,2758,2767,2782,2714,2610,2510,2493,2492,2480,2477,2465,2469,2465,2454,2458,2486,2534,2569,2662,2756,2851,2943,3022,3068,3078,3073,3067,3069,3079,3096,3118,3139,3168,3184,3194,3205
23,2039,2031,2041,2063,2089,2114,2124,2126,2124,2126,2130,2140,2150,2140,2143,2158,2178,2215,2247,2303,2368,2412,2437,2452,2467,2478,2501,2564,2615,2659,2700,2733,2758,2781,2821,2865,2912,2960,2997,3044,3074,3274,3394,3423,3403,3324,3130,3099,3071,3033,3003,2987,2982,2980,2975,2969,2962,2953,2941,2931,2921,2926,2954,2896,2796,2786,2796,2816,2756,2658,2526,2494,2480,2474,2465,2456,2454,2456,2445,2448,2468,2514,2540,2643,2740,2839,2931,2999,3027,3022,3008,3002,3010,3030,3057,3095,3126,3155,3177,3185,3191
24,2044,2035,2043,2064,2094,2128,2146,2158,2155,2155,2157,2168,2185,2170,2151,2155,2170,2197,2237,2289,2352,2395,2431,2456,2471,2486,2507,2554,2603,2658,2715,2755,2788,2798,2828,2865,2908,2952,2991,3038,3096,3324,3402,3446,3418,3333,3153,3101,3066,3026,2998,2986,2981,2981,2976,2973,2966,2957,2947,2936,2932,2951,2957,2893,2822,2820,2825,2855,2805,2689,2534,2494,2473,2465,2455,2451,2444,2446,2439,2441,2453,2501,2526,2625,2724,2825,2912,2966,2981,2968,2953,2951,2964,2989,3013,3065,3123,3151,3170,3179,3181
25,2053,2040,2044,2064,2089,2132,2163,2184,2192,2190,2194,2200,2213,2196,2169,2157,2167,2185,2220,2281,2333,2387,2420,2460,2481,2496,2523,2557,2601,2663,2728,2788,2826,2831,2845,2873,2912,2952,2992,3049,3196,3341,3422,3487,3442,3355,3163,3095,3051,3011,2991,2985,2982,2983,2979,2977,2971,2962,2951,2941,2956,2971,2965,2906,2849,2846,2857,2875,2868,2704,2560,2496,2464,2454,2445,2445,2438,2437,2433,2437,2443,2484,2507,2607,2706,2804,2883,2926,2933,2920,2908,2910,2926,2955,2999,3049,3109,3149,3166,3181,3189
26,2070,2053,2047,2063,2089,2123,2160,2192,2209,2211,2219,2231,2245,2216,2191,2170,2167,2178,2206,2272,2337,2374,2419,2472,2501,2513,2539,2572,2614,2677,2744,2808,2843,2859,2867,2887,2921,2959,3000,3157,3293,3377,3456,3508,3468,3386,3269,3065,3044,3007,2994,2987,2985,2984,2981,2982,2975,2963,2954,2958,2984,3000,2990,2921,2883,2883,2885,2882,2851,2672,2585,2506,2458,2448,2437,2437,2434,2432,2429,2431,2432,2473,2496,2589,2681,2772,2843,2878,2883,2874,2865,2875,2903,2938,2986,3041,3097,3142,3161,3178,3190
27,2104,2079,2059,2062,2086,2115,2148,2186,2218,2230,2240,2248,2265,2246,2217,2188,2173,2183,2205,2258,2319,2375,2425,2481,2518,2540,2560,2589,2636,2695,2752,2817,2852,2877,2884,2901,2933,2976,3052,3241,3335,3405,3488,3524,3496,3424,3309,3057,3039,3007,2996,2989,2988,2986,2984,2985,2981,2972,2964,2979,3012,3032,3021,2947,2916,2918,2904,2881,2808,2665,2603,2518,2455,2438,2430,2430,2430,2426,2421,2424,2422,2462,2502,2570,2651,2733,2796,2826,2832,2830,2832,2842,2877,2923,2975,3031,3089,3134,3164,3183,3191
28,2137,2098,2071,2067,2084,2113,2146,2184,2229,2255,2264,2272,2283,2275,2243,2205,2186,2191,2204,2238,2298,2377,2431,2481,2538,2567,2579,2607,2653,2705,2760,2817,2861,2888,2902,2925,2949,3025,3145,3272,3355,3417,3488,3536,3537,3473,3357,3221,3041,3015,3000,2992,2987,2986,2987,2991,2987,2985,2984,3005,3039,3057,3044,2970,2938,2946,2925,2873,2785,2678,2620,2541,2453,2425,2421,2422,2420,2419,2417,2416,2417,2448,2503,2532,2625,2698,2752,2776,2782,2784,2793,2819,2853,2901,2952,3012,3070,3123,3160,3177,3199
29,2161,2107,2080,2075,2100,2123,2151,2189,2241,2289,2297,2298,2303,2297,2269,2230,2204,2197,2209,2223,2284,2360,2430,2483,2537,2583,2599,2621,2669,2715,2759,2815,2862,2898,2927,2954,3020,3089,3156,3295,3353,3410,3505,3571,3589,3529,3408,3090,3048,3016,3002,2997,2993,2992,2991,2996,3000,3000,3008,3038,3070,3084,3063,2992,2958,2956,2941,2862,2790,2700,2635,2556,2442,2414,2415,2414,2414,2413,2413,2411,2414,2438,2489,2534,2597,2702,2737,2729,2735,2740,2755,2784,2829,2885,2927,2993,3045,3106,3150,3179,3199
30,2184,2126,2097,2092,2124,2147,2160,2193,2242,2302,2335,2328,2327,2317,2301,2257,2222,2217,2226,2227,2262,2325,2398,2482,2532,2580,2611,2636,2679,2724,2768,2813,2852,2899,2947,2994,3039,3092,3166,3251,3339,3426,3514,3592,3626,3573,3455,3088,3050,3021,3006,3000,3005,3003,2994,3000,3020,3023,3052,3108,3118,3100,3054,3015,2978,2963,2947,2869,2789,2710,2634,2554,2448,2412,2411,2407,2407,2405,2407,2404,2407,2426,2471,2512,2557,2635,2680,2677,2681,2701,2727,2763,2801,2871,2919,2967,3018,3086,3136,3170,3197
31,2188,2142,2118,2114,2150,2170,2175,2196,2246,2305,2353,2359,2346,2335,2321,2284,2254,2236,2241,2239,2255,2294,2354,2451,2520,2574,2619,2654,2688,2737,2780,2809,2840,2893,2932,2994,3046,3089,3161,3239,3322,3408,3498,3579,3621,3590,3496,3370,3045,3027,3020,3015,3019,3015,3003,3014,3045,3059,3102,3174,3213,3268,3161,3018,3007,2983,2961,2888,2807,2713,2641,2566,2439,2408,2407,2401,2398,2402,2406,2398,2403,2414,2451,2484,2516,2566,2594,2618,2641,2674,2704,2721,2761,2842,2888,2948,3006,3063,3117,3161,3187
32,2190,2140,2123,2133,2174,2195,2194,2209,2249,2305,2353,2371,2365,2356,2338,2304,2282,2255,2262,2263,2264,2277,2325,2401,2496,2564,2615,2661,2696,2745,2793,2806,2828,2872,2900,2965,3038,3089,3142,3215,3293,3375,3461,3539,3587,3587,3533,3441,3327,3216,3030,3032,3035,3030,3049,3061,3081,3098,3180,3306,3362,3382,3401,3163,3031,3015,2980,2907,2819,2730,2659,2579,2439,2402,2404,2396,2390,2393,2400,2393,2394,2406,2440,2461,2483,2522,2521,2561,2588,2630,2673,2699,2737,2812,2868,2932,2993,3051,3108,3153,3184
33,2176,2135,2128,2155,2199,2221,2219,2226,2261,2306,2346,2374,2377,2371,2353,2328,2304,2281,2287,2300,2280,2283,2306,2349,2441,2530,2608,2660,2695,2740,2789,2799,2814,2853,2886,2908,2947,3056,3113,3185,3260,3337,3416,3490,3549,3582,3574,3515,3417,3310,3220,3162,3128,3112,3114,3127,3111,3166,3281,3364,3408,3423,3403,3235,3133,3026,2995,2919,2832,2750,2685,2589,2447,2395,2398,2394,2387,2385,2392,2388,2388,2394,2428,2439,2448,2487,2494,2511,2540,2572,2618,2673,2730,2782,2854,2913,2976,3030,3092,3141,3179
34,2156,2130,2139,2171,2224,2247,2250,2245,2274,2319,2350,2379,2393,2384,2371,2349,2328,2310,2319,2330,2293,2295,2308,2333,2382,2466,2590,2647,2682,2730,2775,2793,2811,2847,2880,2897,2924,3009,3081,3156,3230,3303,3376,3451,3524,3588,3618,3585,3501,3398,3307,3241,3201,3187,3192,3206,3272,3289,3327,3388,3439,3455,3415,3289,3181,3043,3009,2931,2868,2769,2699,2618,2469,2392,2393,2392,2384,2377,2379,2385,2384,2385,2410,2432,2431,2453,2471,2493,2514,2523,2571,2637,2708,2776,2832,2884,2954,3011,3074,3125,3173
35,2146,2128,2147,2193,2240,2267,2281,2273,2309,2350,2364,2389,2405,2404,2390,2372,2354,2341,2344,2356,2332,2309,2322,2338,2363,2424,2562,2628,2679,2729,2773,2789,2811,2844,2872,2894,2919,2980,3052,3130,3206,3278,3350,3426,3511,3597,3655,3648,3577,3479,3389,3320,3278,3264,3270,3280,3296,3322,3362,3413,3476,3480,3411,3368,3217,3073,3033,2962,2882,2793,2714,2647,2471,2390,2387,2385,2381,2372,2372,2377,2379,2376,2393,2423,2426,2437,2461,2477,2490,2503,2539,2597,2673,2753,2816,2852,2928,2985,3036,3116,3170
36,2140,2131,2158,2203,2246,2276,2295,2304,2334,2366,2382,2405,2420,2425,2409,2395,2383,2377,2367,2361,2338,2319,2334,2354,2374,2399,2518,2620,2679,2724,2765,2786,2810,2836,2864,2886,2909,2931,3031,3111,3190,3265,3338,3417,3507,3606,3687,3706,3651,3560,3470,3399,3354,3339,3343,3348,3349,3374,3401,3451,3501,3480,3412,3346,3305,3097,3055,2982,2885,2794,2724,2661,2497,2387,2377,2377,2375,2368,2361,2368,2371,2368,2377,2411,2427,2433,2449,2463,2477,2495,2531,2593,2669,2731,2800,2843,2898,2967,3041,3116,3185
37,2141,2136,2166,2211,2265,2293,2312,2317,2340,2375,2406,2431,2443,2445,2434,2418,2404,2396,2383,2376,2346,2332,2344,2365,2386,2405,2503,2588,2667,2717,2754,2781,2805,2830,2859,2879,2902,2939,3019,3101,3186,3266,3343,3423,3515,3620,3716,3759,3726,3644,3554,3481,3434,3416,3415,3419,3390,3412,3440,3469,3486,3460,3416,3335,3256,3102,3058,2969,2863,2792,2746,2592,2415,2382,2369,2373,2369,2362,2355,2361,2364,2359,2362,2389,2425,2426,2439,2455,2473,2497,2534,2587,2667,2734,2787,2826,2886,2918,3033,3118,3208
38,2145,2142,2177,2242,2291,2324,2352,2348,2357,2380,2415,2446,2458,2463,2460,2437,2417,2419,2406,2391,2364,2351,2361,2377,2399,2427,2497,2573,2651,2692,2742,2781,2809,2832,2860,2880,2903,2950,2999,3100,3191,3279,3361,3444,3536,3641,3743,3807,3801,3735,3648,3572,3521,3498,3494,3498,3506,3517,3527,3525,3501,3453,3404,3308,3238,3080,3008,2937,2859,2795,2689,2575,2430,2381,2364,2365,2364,2354,2346,2352,2356,2348,2350,2373,2414,2424,2429,2447,2470,2501,2540,2595,2667,2732,2784,2830,2878,2915,3031,3121,3203
39,2152,2151,2195,2258,2320,2360,2387,2382,2384,2386,2409,2438,2463,2468,2466,2451,2431,2435,2435,2409,2384,2377,2381,2392,2414,2441,2489,2566,2629,2670,2720,2775,2817,2845,2867,2881,2902,2951,3000,3103,3201,3297,3386,3474,3567,3670,3774,3853,3875,3830,3751,3674,3618,3586,3575,3579,3592,3604,3603,3575,3517,3440,3397,3298,3225,3095,3023,2951,2872,2811,2676,2559,2434,2386,2361,2356,2357,2349,2338,2342,2347,2339,2336,2361,2406,2416,2416,2437,2466,2492,2526,2585,2692,2736,2785,2834,2885,2952,3033,3124,3213
40,2165,2167,2201,2272,2335,2379,2399,2383,2393,2391,2409,2437,2463,2471,2474,2460,2443,2444,2452,2432,2408,2403,2405,2420,2436,2459,2515,2573,2628,2667,2714,2769,2820,2858,2877,2893,2913,2945,2999,3106,3210,3314,3413,3506,3601,3702,3806,3898,3943,3922,3856,3781,3720,3677,3654,3654,3668,3674,3655,3602,3521,3382,3360,3293,3200,3098,3036,2949,2880,2814,2666,2481,2427,2384,2358,2349,2351,2345,2335,2333,2340,2337,2319,2343,2392,2414,2410,2429,2450,2470,2509,2542,2705,2740,2782,2826,2889,2948,3037,3128,3218
41,2192,2187,2213,2275,2346,2390,2408,2400,2402,2407,2425,2444,2460,2475,2480,2468,2455,2456,2459,2455,2439,2428,2428,2449,2467,2491,2520,2564,2617,2669,2717,2766,2804,2837,2866,2892,2916,2942,3017,3108,3215,3325,3429,3527,3625,3728,3836,3937,4002,4003,3953,3884,3819,3765,3731,3723,3726,3716,3675,3603,3513,3403,3362,3293,3204,3101,3034,2966,2883,2824,2661,2468,2428,2383,2353,2340,2344,2341,2330,2321,2330,2330,2308,2331,2381,2411,2410,2426,2437,2458,2498,2541,2676,2736,2781,2839,2908,2973,3029,3126,3215
42,2225,2215,2224,2280,2350,2400,2410,2414,2426,2431,2445,2458,2465,2481,2485,2481,2472,2472,2467,2462,2455,2446,2449,2466,2491,2521,2557,2580,2618,2663,2712,2753,2794,2825,2858,2887,2911,2941,3015,3105,3211,3321,3426,3525,3629,3740,3857,3970,4052,4073,4038,3976,3911,3852,3808,3784,3767,3733,3670,3585,3472,3402,3353,3301,3217,3112,3039,2973,2887,2844,2660,2480,2433,2383,2353,2333,2335,2337,2326,2314,2320,2320,2305,2328,2376,2410,2407,2426,2429,2455,2496,2550,2621,2716,2772,2832,2891,2972,3043,3106,3201
43,2258,2241,2250,2299,2362,2417,2433,2439,2458,2471,2473,2481,2474,2486,2492,2494,2489,2482,2478,2473,2471,2474,2477,2488,2508,2541,2584,2614,2647,2674,2716,2755,2795,2829,2864,2893,2913,2946,3013,3097,3198,3303,3406,3508,3617,3738,3866,3991,4091,4132,4112,4059,3997,3935,3878,3831,3787,3726,3644,3552,3467,3378,3344,3302,3219,3118,3064,2998,2906,2866,2663,2466,2443,2392,2351,2328,2327,2332,2325,2307,2313,2311,2298,2315,2361,2403,2408,2425,2422,2452,2498,2543,2601,2674,2745,2807,2878,2947,3018,3098,3172
44,2295,2270,2269,2326,2374,2429,2454,2478,2498,2509,2507,2498,2486,2496,2502,2507,2506,2499,2495,2490,2491,2500,2507,2508,2522,2557,2596,2633,2669,2699,2732,2765,2798,2831,2862,2896,2925,2950,3009,3086,3178,3278,3379,3484,3597,3723,3858,3992,4104,4167,4169,4133,4076,4006,3931,3856,3782,3699,3603,3452,3415,3359,3328,3285,3217,3136,3079,2992,2914,2847,2666,2470,2444,2402,2357,2329,2325,2327,2323,2302,2298,2298,2280,2297,2338,2383,2406,2405,2410,2446,2494,2544,2593,2659,2722,2794,2867,2920,2990,3074,3148
45,2327,2294,2279,2333,2387,2428,2463,2508,2536,2535,2525,2510,2501,2510,2510,2517,2520,2525,2516,2506,2511,2520,2529,2532,2541,2564,2597,2634,2669,2700,2728,2770,2812,2839,2856,2889,2925,2953,2993,3071,3155,3250,3350,3456,3571,3698,3833,3967,4087,4171,4208,4197,4147,4067,3968,3864,3765,3665,3473,3435,3391,3345,3312,3273,3215,3143,3093,2997,2918,2839,2657,2492,2448,2407,2367,2334,2322,2317,2322,2302,2288,2283,2263,2272,2308,2350,2386,2389,2401,2439,2488,2536,2586,2646,2705,2769,2843,2905,2961,3043,3110
46,2370,2324,2278,2333,2391,2439,2475,2509,2540,2545,2534,2517,2520,2521,2517,2526,2535,2540,2543,2530,2533,2544,2554,2552,2554,2572,2600,2634,2674,2709,2729,2755,2806,2846,2857,2886,2928,2964,3003,3042,3132,3221,3320,3425,3540,3665,3797,3930,4057,4166,4241,4263,4221,4127,4002,3873,3753,3638,3451,3404,3368,3335,3303,3267,3212,3149,3085,2999,2911,2803,2681,2515,2458,2419,2383,2334,2316,2309,2317,2302,2289,2280,2266,2256,2280,2317,2361,2374,2389,2431,2487,2538,2584,2634,2689,2750,2814,2882,2944,2998,3075
47,2405,2345,2290,2328,2390,2452,2485,2506,2532,2546,2534,2526,2534,2539,2528,2541,2547,2554,2560,2553,2556,2558,2567,2567,2565,2573,2591,2624,2671,2728,2751,2763,2792,2842,2871,2891,2934,2979,3005,3038,3111,3193,3289,3394,3507,3629,3759,3893,4029,4164,4278,4329,4291,4181,4036,3889,3753,3623,3420,3376,3345,3320,3298,3257,3199,3142,3084,2981,2924,2812,2685,2534,2478,2438,2402,2343,2317,2300,2305,2298,2284,2279,2270,2249,2265,2290,2333,2368,2380,2421,2484,2536,2574,2620,2674,2733,2804,2862,2927,2973,3030
48,2423,2360,2305,2332,2400,2472,2505,2517,2530,2544,2536,2535,2545,2542,2540,2554,2561,2575,2579,2578,2574,2571,2577,2579,2579,2587,2601,2624,2662,2713,2766,2784,2792,2826,2880,2904,2938,2984,3008,3044,3071,3166,3258,3362,3474,3595,3724,3860,4004,4158,4299,4372,4333,4214,4060,3903,3753,3610,3390,3368,3337,3313,3289,3244,3183,3131,3078,2979,2928,2848,2691,2551,2492,2451,2417,2355,2319,2291,2291,2292,2271,2270,2261,2246,2249,2271,2311,2356,2377,2418,2469,2524,2566,2611,2660,2720,2791,2850,2909,2953,3013
49,2421,2348,2318,2346,2433,2503,2525,2530,2535,2547,2544,2543,2551,2548,2550,2567,2583,2595,2595,2598,2593,2582,2584,2587,2590,2601,2618,2639,2668,2710,2764,2800,2808,2820,2860,2908,2950,2983,3006,3039,3084,3112,3229,3330,3442,3562,3691,3828,3976,4136,4284,4363,4330,4215,4063,3903,3745,3407,3391,3366,3330,3307,3276,3231,3169,3118,3050,2995,2935,2845,2733,2544,2500,2456,2428,2379,2327,2292,2275,2274,2261,2261,2254,2244,2245,2260,2291,2339,2370,2404,2452,2506,2553,2606,2651,2705,2781,2834,2882,2939,2993
50,2416,2337,2328,2379,2464,2519,2538,2544,2548,2554,2553,2551,2559,2557,2558,2578,2599,2605,2608,2616,2627,2604,2595,2594,2600,2611,2628,2652,2673,2711,2761,2808,2824,2829,2846,2895,2946,2978,3004,3036,3077,3119,3205,3301,3409,3527,3655,3793,3941,4097,4238,4313,4292,4190,4047,3890,3730,3400,3386,3356,3321,3296,3257,3209,3151,3095,3031,2995,2938,2840,2751,2556,2506,2461,2430,2395,2337,2296,2262,2259,2255,2247,2246,2241,2242,2252,2276,2310,2358,2390,2436,2491,2543,2599,2641,2691,2767,2819,2865,2916,2969
51,2383,2327,2347,2418,2475,2538,2551,2557,2559,2561,2565,2560,2566,2563,2571,2591,2610,2612,2616,2634,2652,2635,2612,2603,2607,2615,2633,2659,2679,2710,2756,2807,2837,2838,2849,2877,2921,2962,2997,3028,3059,3103,3181,3271,3374,3487,3612,3749,3895,4043,4171,4242,4233,4150,4021,3870,3714,3400,3377,3342,3312,3279,3239,3193,3142,3079,3036,2997,2948,2860,2767,2587,2511,2461,2426,2401,2349,2299,2261,2253,2247,2239,2241,2238,2240,2247,2264,2292,2339,2373,2420,2470,2529,2588,2636,2682,2713,2770,2832,2886,2945
52,2361,2330,2366,2454,2489,2553,2568,2570,2570,2570,2575,2567,2572,2571,2580,2598,2622,2622,2626,2652,2678,2664,2633,2616,2614,2619,2638,2662,2682,2710,2754,2807,2843,2847,2863,2881,2908,2943,2977,3010,3042,3084,3151,3236,3335,3442,3562,3695,3835,3973,4091,4162,4166,4103,3988,3848,3700,3391,3366,3331,3302,3264,3227,3185,3140,3073,3034,2987,2937,2874,2794,2626,2518,2474,2429,2401,2363,2301,2263,2246,2242,2238,2238,2236,2239,2244,2257,2280,2317,2359,2396,2453,2516,2575,2624,2664,2666,2718,2792,2858,2917
53,2359,2345,2380,2466,2513,2557,2575,2582,2579,2578,2580,2575,2578,2578,2587,2604,2624,2633,2643,2677,2694,2673,2642,2625,2625,2631,2644,2666,2688,2713,2752,2805,2854,2855,2875,2894,2914,2942,2969,2999,3027,3062,3075,3198,3293,3396,3510,3633,3763,3892,4005,4079,4096,4050,3952,3824,3686,3547,3361,3321,3286,3258,3225,3189,3139,3065,3022,2977,2926,2879,2793,2692,2521,2486,2442,2403,2368,2307,2268,2244,2242,2238,2237,2236,2238,2241,2250,2269,2298,2345,2375,2429,2485,2545,2595,2606,2616,2665,2739,2815,2851
54,2377,2363,2391,2475,2536,2571,2585,2590,2587,2586,2583,2580,2585,2588,2597,2609,2630,2649,2651,2679,2694,2673,2653,2636,2637,2647,2660,2683,2702,2718,2753,2799,2857,2869,2886,2907,2926,2949,2969,2998,3026,3052,3070,3166,3254,3352,3459,3574,3693,3815,3924,3998,4024,3996,3915,3801,3672,3537,3332,3304,3274,3250,3217,3183,3125,3057,3013,2964,2923,2882,2788,2711,2528,2495,2453,2409,2368,2316,2271,2245,2240,2239,2237,2237,2237,2237,2248,2261,2282,2328,2360,2403,2458,2496,2523,2519,2547,2582,2608,2664,2744
55,2404,2390,2417,2497,2600,2597,2595,2597,2592,2589,2588,2582,2588,2595,2606,2619,2637,2661,2658,2674,2684,2673,2674,2670,2660,2667,2678,2697,2713,2728,2760,2803,2859,2886,2897,2910,2933,2954,2971,2997,3026,3052,3076,3144,3222,3315,3417,3527,3643,3758,3857,3924,3954,3940,3879,3780,3659,3526,3306,3293,3266,3240,3207,3169,3110,3049,3008,2946,2904,2875,2784,2686,2547,2502,2460,2416,2373,2325,2276,2246,2238,2234,2237,2235,2237,2236,2243,2258,2273,2314,2341,2372,2419,2445,2454,2476,2501,2536,2579,2621,2692
56,2441,2436,2474,2520,2602,2619,2602,2607,2596,2592,2590,2587,2591,2602,2614,2626,2642,2671,2670,2672,2677,2688,2701,2697,2692,2687,2686,2703,2724,2742,2765,2808,2875,2901,2910,2916,2934,2955,2975,3004,3031,3056,3091,3129,3171,3287,3386,3496,3612,3721,3805,3859,3885,3881,3839,3757,3644,3514,3307,3293,3264,3233,3192,3150,3089,3040,3003,2938,2896,2858,2775,2681,2583,2509,2461,2417,2377,2339,2286,2248,2238,2236,2237,2234,2235,2237,2241,2253,2269,2301,2332,2355,2388,2403,2420,2446,2477,2507,2548,2587,2629
57,2478,2483,2515,2559,2608,2619,2621,2620,2605,2595,2593,2593,2600,2610,2622,2635,2654,2688,2689,2696,2704,2718,2724,2721,2716,2710,2706,2721,2740,2753,2774,2817,2896,2940,2929,2931,2931,2951,2975,3001,3029,3057,3088,3135,3181,3266,3363,3475,3590,3689,3757,3796,3816,3821,3798,3733,3628,3502,3307,3290,3260,3228,3168,3118,3070,3035,3000,2930,2888,2843,2771,2674,2590,2512,2463,2418,2380,2359,2298,2257,2241,2236,2235,2231,2232,2237,2240,2249,2264,2295,2327,2346,2363,2376,2395,2424,2455,2482,2515,2566,2603
58,2498,2510,2536,2572,2609,2624,2626,2619,2605,2597,2600,2602,2607,2615,2628,2642,2661,2697,2702,2717,2739,2748,2747,2740,2730,2730,2737,2752,2768,2777,2795,2840,2915,2974,2955,2943,2934,2946,2971,2997,3019,3049,3083,3119,3159,3252,3346,3455,3562,3648,3702,3731,3751,3769,3766,3717,3618,3492,3310,3286,3250,3223,3139,3077,3052,3030,2997,2923,2880,2834,2762,2663,2581,2523,2470,2422,2381,2367,2313,2265,2245,2238,2235,2232,2227,2233,2238,2245,2262,2295,2326,2339,2352,2370,2389,2411,2439,2466,2495,2538,2571
59,2512,2538,2550,2579,2612,2627,2626,2619,2612,2609,2608,2610,2617,2626,2633,2648,2670,2699,2719,2736,2754,2765,2775,2773,2767,2756,2770,2786,2801,2815,2818,2880,2935,2978,2969,2956,2946,2948,2971,3001,3021,3047,3077,3112,3144,3244,3332,3429,3523,3595,3640,3666,3692,3722,3759,3764,3612,3485,3311,3286,3246,3197,3092,3057,3036,3019,2980,2910,2868,2825,2761,2675,2562,2517,2473,2424,2382,2367,2331,2274,2245,2238,2235,2233,2227,2230,2234,2242,2264,2298,2325,2336,2361,2380,2396,2417,2435,2462,2496,2539,2576
60,2535,2562,2564,2578,2608,2622,2623,2618,2615,2617,2612,2615,2627,2635,2642,2653,2674,2702,2737,2760,2766,2780,2797,2800,2793,2789,2808,2828,2840,2844,2857,2912,2982,2986,2973,2965,2963,2962,2969,2995,3023,3054,3087,3125,3176,3243,3319,3399,3475,3535,3575,3604,3632,3667,3694,3729,3599,3477,3298,3277,3231,3134,3080,3046,3022,2999,2961,2891,2846,2790,2741,2698,2576,2513,2471,2427,2388,2364,2339,2284,2249,2237,2234,2232,2228,2228,2233,2241,2260,2297,2327,2338,2364,2390,2410,2429,2447,2471,2505,2550,2591
61,2562,2576,2569,2581,2608,2625,2623,2619,2617,2618,2614,2620,2632,2644,2658,2664,2684,2721,2751,2771,2779,2793,2814,2824,2821,2821,2848,2870,2882,2884,2895,2952,3013,3007,2989,2986,2971,2974,2983,3001,3032,3066,3098,3145,3183,3251,3308,3362,3417,3467,3508,3539,3550,3592,3635,3667,3656,3465,3290,3266,3181,3112,3081,3042,3010,2975,2925,2861,2800,2748,2714,2677,2582,2519,2474,2432,2398,2365,2345,2289,2253,2237,2231,2228,2224,2228,2232,2236,2255,2298,2328,2349,2381,2410,2427,2451,2470,2487,2512,2553,2599
62,2583,2581,2573,2587,2619,2631,2629,2618,2618,2618,2622,2629,2642,2658,2671,2678,2695,2730,2758,2778,2795,2809,2828,2850,2844,2856,2887,2917,2924,2918,2920,3001,3041,3035,3007,2999,2987,2988,3001,3021,3060,3092,3132,3179,3219,3274,3298,3316,3348,3393,3438,3481,3502,3528,3559,3597,3570,3451,3277,3233,3141,3110,3083,3041,2991,2937,2876,2800,2762,2721,2695,2667,2592,2528,2484,2441,2409,2373,2341,2296,2249,2236,2230,2226,2225,2229,2228,2234,2255,2299,2330,2359,2398,2435,2455,2479,2502,2514,2541,2570,2596
63,2589,2583,2577,2590,2617,2635,2637,2624,2619,2625,2633,2636,2647,2665,2683,2687,2700,2731,2763,2784,2804,2821,2837,2861,2857,2879,2915,2933,2945,2944,2971,3019,3044,3035,3016,3015,3001,3008,3020,3046,3082,3111,3166,3199,3254,3298,3306,3223,3249,3307,3381,3420,3426,3449,3486,3533,3553,3546,3269,3185,3132,3107,3075,3031,2952,2884,2829,2779,2744,2715,2686,2672,2602,2538,2492,2454,2424,2381,2339,2297,2247,2233,2228,2223,2223,2226,2226,2229,2254,2299,2325,2362,2414,2456,2481,2510,2527,2553,2574,2596,2615
64,2592,2589,2589,2592,2619,2644,2643,2626,2618,2628,2645,2653,2651,2668,2687,2694,2707,2735,2767,2786,2811,2826,2839,2858,2869,2897,2926,2946,2971,2984,3022,3045,3050,3044,3031,3034,3016,3024,3044,3072,3099,3132,3184,3231,3302,3305,3241,3212,3225,3271,3323,3363,3388,3392,3415,3467,3490,3497,3158,3152,3125,3099,3059,3004,2913,2853,2803,2768,2735,2714,2684,2667,2610,2544,2501,2462,2426,2382,2338,2299,2253,2235,2225,2220,2219,2219,2223,2225,2250,2296,2327,2374,2427,2477,2515,2537,2556,2573,2608,2612,2639
65,2601,2602,2605,2600,2619,2646,2648,2634,2628,2634,2652,2666,2663,2671,2690,2705,2714,2735,2767,2781,2807,2825,2840,2860,2880,2913,2946,2987,3016,3027,3064,3100,3094,3067,3058,3055,3042,3049,3075,3107,3121,3170,3235,3294,3305,3261,3207,3202,3212,3236,3267,3311,3344,3342,3333,3365,3421,3427,3170,3143,3124,3088,3043,2967,2878,2837,2797,2770,2739,2713,2689,2666,2616,2550,2508,2465,2425,2383,2336,2300,2256,2239,2228,2220,2217,2217,2221,2219,2236,2285,2327,2381,2436,2491,2530,2557,2582,2610,2626,2655,2673
66,2610,2613,2615,2607,2618,2647,2658,2655,2652,2653,2665,2679,2677,2676,2692,2712,2726,2743,2767,2780,2799,2818,2846,2870,2897,2925,2965,3007,3038,3046,3105,3124,3114,3095,3083,3079,3067,3087,3120,3148,3169,3213,3286,3302,3280,3221,3194,3193,3204,3219,3232,3237,3257,3253,3267,3302,3358,3355,3189,3147,3119,3079,3029,2932,2866,2826,2795,2776,2751,2726,2700,2669,2622,2552,2507,2465,2426,2387,2334,2307,2261,2241,2228,2221,2217,2215,2216,2216,2227,2255,2310,2369,2430,2495,2536,2570,2596,2626,2665,2693,2724
67,2630,2630,2617,2607,2618,2652,2667,2671,2678,2684,2691,2692,2689,2688,2699,2722,2740,2764,2787,2788,2800,2824,2853,2886,2911,2939,2975,3021,3050,3069,3166,3149,3126,3109,3108,3106,3104,3131,3155,3192,3212,3241,3308,3285,3238,3192,3167,3172,3183,3198,3207,3204,3200,3205,3218,3253,3321,3281,3199,3156,3119,3073,3001,2906,2856,2822,2801,2778,2751,2740,2716,2673,2613,2550,2506,2463,2420,2383,2334,2305,2264,2244,2230,2220,2217,2213,2213,2209,2223,2255,2310,2366,2428,2497,2544,2583,2606,2636,2694,2745,2783
68,2653,2639,2620,2613,2621,2652,2673,2683,2696,2701,2706,2706,2704,2702,2710,2728,2753,2786,2813,2817,2816,2839,2864,2897,2930,2960,2993,3030,3074,3174,3204,3186,3139,3124,3127,3139,3143,3165,3195,3250,3253,3260,3272,3250,3212,3166,3136,3138,3146,3160,3175,3158,3160,3163,3180,3207,3275,3297,3204,3161,3126,3054,2975,2907,2855,2818,2804,2773,2742,2739,2722,2668,2604,2545,2501,2459,2418,2385,2338,2307,2265,2243,2227,2218,2213,2209,2211,2204,2220,2246,2309,2378,2447,2509,2556,2596,2624,2656,2724,2794,2837
69,2682,2655,2640,2630,2631,2658,2684,2698,2713,2714,2713,2718,2722,2722,2723,2735,2759,2791,2818,2834,2841,2855,2879,2917,2951,2983,3016,3054,3170,3228,3224,3211,3168,3152,3153,3162,3170,3194,3248,3261,3249,3235,3225,3205,3172,3125,3103,3096,3101,3111,3122,3124,3119,3130,3147,3181,3232,3255,3225,3168,3117,3030,2946,2899,2859,2820,2798,2769,2738,2732,2715,2661,2598,2539,2498,2456,2414,2377,2344,2304,2264,2238,2225,2213,2207,2205,2208,2207,2218,2241,2313,2391,2466,2541,2568,2613,2637,2682,2749,2817,2877
70,2706,2682,2675,2649,2638,2665,2697,2711,2724,2725,2717,2724,2736,2738,2737,2745,2762,2782,2803,2829,2852,2877,2905,2941,2975,3006,3078,3177,3217,3274,3250,3244,3202,3184,3182,3193,3204,3236,3272,3241,3211,3194,3191,3171,3133,3100,3046,3056,3060,3067,3092,3094,3085,3097,3116,3164,3212,3260,3248,3178,3104,3007,2931,2884,2849,2826,2804,2775,2744,2725,2706,2650,2593,2535,2497,2460,2417,2383,2354,2299,2264,2233,2220,2206,2201,2201,2201,2202,2211,2224,2315,2401,2483,2568,2588,2624,2656,2702,2776,2844,2900
71,2715,2706,2700,2679,2648,2668,2695,2719,2735,2735,2729,2733,2748,2756,2751,2756,2768,2787,2805,2828,2859,2894,2932,2970,2996,3044,3139,3242,3306,3308,3294,3276,3239,3229,3223,3261,3250,3270,3274,3233,3185,3165,3163,3135,3100,3021,2995,3000,2990,3004,3038,3055,3059,3077,3088,3128,3187,3257,3257,3187,3119,2963,2913,2864,2830,2823,2809,2780,2753,2732,2705,2647,2591,2536,2492,2457,2418,2391,2362,2304,2257,2225,2212,2201,2193,2197,2198,2201,2211,2222,2314,2405,2493,2578,2604,2636,2671,2734,2799,2870,2925
72,2729,2726,2721,2694,2661,2662,2694,2722,2741,2740,2743,2748,2761,2762,2762,2770,2778,2796,2821,2848,2876,2905,2934,2971,3009,3060,3112,3298,3334,3328,3327,3310,3291,3283,3273,3279,3295,3276,3272,3233,3172,3125,3138,3041,3000,2957,2957,2948,2944,2940,2974,3003,3027,3047,3067,3094,3150,3229,3264,3134,3050,2958,2894,2838,2815,2819,2802,2771,2751,2734,2709,2649,2589,2531,2487,2446,2411,2383,2360,2311,2257,2218,2205,2195,2186,2190,2193,2199,2207,2220,2311,2403,2496,2591,2622,2650,2694,2758,2817,2878,2951
73,2734,2732,2721,2700,2672,2662,2693,2727,2748,2751,2755,2762,2773,2769,2771,2778,2786,2803,2837,2869,2893,2910,2931,2969,3013,3103,3194,3279,3346,3360,3369,3346,3327,3333,3303,3281,3265,3245,3222,3232,3169,3103,3047,2991,2944,2931,2933,2935,2933,2917,2921,2934,2974,3023,3040,3067,3129,3204,3235,3105,3028,2950,2883,2833,2808,2806,2783,2759,2745,2721,2694,2645,2581,2524,2480,2441,2412,2384,2347,2311,2261,2219,2199,2188,2181,2184,2187,2196,2206,2217,2304,2395,2493,2602,2633,2666,2716,2778,2831,2892,2963
74,2737,2730,2721,2707,2685,2673,2694,2730,2759,2770,2768,2778,2781,2780,2781,2784,2792,2805,2841,2880,2905,2921,2940,2977,3006,3129,3227,3312,3361,3383,3397,3375,3350,3326,3299,3240,3198,3164,3140,3211,3064,3038,2970,2949,2919,2914,2916,2920,2912,2896,2900,2906,2925,2979,3024,3059,3117,3179,3195,3112,3024,2945,2870,2823,2795,2786,2776,2760,2743,2718,2683,2644,2583,2522,2470,2434,2414,2395,2352,2314,2270,2224,2193,2181,2176,2179,2183,2193,2205,2219,2294,2385,2487,2611,2641,2685,2725,2787,2853,2915,2980
75,2739,2735,2730,2727,2710,2687,2701,2736,2770,2783,2784,2791,2786,2792,2794,2794,2797,2809,2849,2894,2922,2937,2953,2989,3015,3159,3261,3347,3414,3403,3401,3366,3325,3273,3236,3167,3026,3013,2985,2986,2974,2959,2945,2927,2908,2903,2903,2898,2887,2883,2885,2885,2896,2936,2982,3040,3091,3140,3165,3109,3008,2927,2863,2819,2782,2771,2766,2760,2744,2712,2679,2642,2588,2523,2472,2433,2413,2397,2359,2317,2279,2232,2191,2172,2170,2177,2182,2189,2194,2208,2282,2371,2474,2617,2650,2693,2732,2794,2865,2931,2999
76,2742,2739,2744,2755,2748,2708,2717,2751,2790,2799,2800,2799,2794,2799,2806,2804,2804,2822,2867,2904,2939,2957,2970,2999,3088,3188,3293,3377,3431,3392,3371,3323,3276,3233,3156,3038,3024,3004,2984,2972,2956,2947,2933,2912,2901,2894,2892,2885,2874,2871,2872,2870,2861,2872,2931,2964,3039,3096,3115,3089,2992,2918,2861,2813,2786,2776,2767,2761,2740,2708,2678,2640,2590,2524,2468,2431,2420,2393,2365,2323,2289,2244,2193,2169,2166,2173,2177,2182,2180,2200,2269,2354,2455,2557,2658,2701,2736,2790,2863,2932,3002
77,2750,2748,2761,2787,2788,2743,2731,2769,2803,2812,2808,2805,2805,2810,2819,2816,2812,2832,2880,2916,2955,2984,2989,3018,3112,3218,3326,3402,3416,3373,3333,3282,3221,3156,3091,3014,2994,2983,2969,2961,2947,2938,2922,2906,2897,2887,2883,2877,2870,2868,2860,2852,2841,2824,2847,2917,2959,3004,3064,3071,2994,2912,2858,2819,2800,2783,2766,2745,2721,2709,2684,2637,2589,2520,2458,2430,2422,2400,2374,2325,2296,2253,2201,2175,2159,2158,2160,2170,2164,2197,2244,2336,2435,2540,2662,2701,2735,2782,2849,2913,2973
78,2767,2769,2784,2808,2812,2770,2745,2781,2811,2820,2815,2812,2817,2824,2830,2823,2821,2841,2888,2931,2972,2999,3007,3036,3074,3242,3352,3420,3416,3354,3286,3220,3146,3039,3026,2993,2983,2974,2961,2950,2938,2930,2915,2898,2891,2879,2869,2867,2864,2863,2852,2837,2826,2811,2800,2820,2883,2920,2969,3026,2989,2920,2867,2837,2813,2786,2763,2733,2712,2704,2681,2636,2579,2518,2461,2432,2421,2401,2375,2335,2301,2258,2210,2190,2161,2139,2138,2142,2155,2194,2250,2286,2413,2519,2672,2704,2736,2777,2827,2890,2949
79,2787,2800,2814,2822,2824,2798,2763,2794,2822,2828,2825,2825,2830,2838,2840,2832,2832,2855,2900,2949,2978,2992,3008,3052,3100,3259,3363,3420,3399,3329,3237,3086,3021,3006,3000,2983,2973,2965,2955,2947,2937,2927,2913,2895,2885,2874,2865,2859,2846,2841,2836,2827,2815,2799,2786,2790,2806,2845,2896,2958,2979,2929,2885,2855,2821,2791,2764,2737,2719,2700,2676,2638,2577,2522,2468,2434,2415,2392,2375,2343,2306,2266,2217,2196,2178,2143,2128,2126,2146,2179,2238,2288,2392,2494,2595,2714,2732,2756,2796,2863,2920
80,2798,2812,2828,2837,2836,2820,2786,2806,2831,2833,2836,2841,2843,2853,2851,2847,2849,2877,2922,2967,2982,2985,3009,3056,3165,3274,3367,3403,3367,3280,3098,3036,3018,3001,2988,2982,2964,2958,2954,2946,2933,2924,2911,2897,2882,2868,2861,2850,2837,2828,2817,2815,2809,2792,2780,2779,2784,2804,2831,2896,2943,2935,2901,2868,2830,2803,2777,2750,2727,2696,2665,2632,2572,2520,2473,2436,2415,2391,2370,2328,2290,2262,2224,2196,2187,2167,2144,2113,2131,2173,2229,2276,2373,2468,2567,2652,2727,2739,2781,2846,2916
81,2807,2819,2839,2852,2851,2846,2810,2817,2839,2843,2850,2856,2859,2867,2864,2863,2866,2895,2950,2985,2980,2983,3011,3054,3183,3293,3372,3403,3328,3227,3061,3025,3006,2993,2984,2974,2963,2956,2950,2945,2934,2926,2912,2895,2882,2870,2859,2843,2830,2814,2807,2801,2797,2787,2781,2774,2771,2775,2794,2827,2909,2938,2920,2892,2852,2819,2791,2759,2727,2681,2648,2619,2560,2512,2465,2434,2409,2385,2355,2312,2282,2260,2235,2203,2183,2176,2154,2110,2123,2175,2223,2288,2340,2448,2541,2623,2714,2721,2770,2841,2904
82,2808,2819,2839,2858,2862,2864,2835,2828,2847,2856,2863,2870,2870,2874,2874,2878,2886,2914,2969,2995,2998,3000,3017,3052,3199,3306,3389,3375,3287,3093,3051,3020,3003,2993,2978,2969,2964,2958,2952,2944,2938,2927,2915,2896,2880,2869,2859,2843,2828,2811,2802,2790,2782,2776,2775,2768,2760,2758,2762,2784,2831,2919,2936,2909,2873,2832,2789,2761,2735,2679,2630,2600,2540,2500,2458,2429,2392,2378,2346,2305,2282,2262,2241,2214,2182,2173,2147,2106,2121,2169,2215,2280,2350,2434,2519,2592,2657,2703,2757,2830,2876
83,2805,2817,2834,2857,2870,2876,2853,2837,2858,2865,2875,2881,2883,2881,2886,2897,2910,2937,2984,3021,3039,3034,3031,3055,3209,3307,3368,3334,3255,3076,3042,3017,3000,2995,2974,2969,2961,2957,2954,2947,2940,2927,2914,2896,2878,2864,2854,2837,2825,2811,2797,2784,2771,2759,2758,2760,2755,2746,2739,2752,2787,2850,2917,2920,2887,2834,2786,2768,2735,2669,2631,2589,2532,2487,2455,2420,2388,2367,2337,2311,2291,2271,2249,2220,2189,2162,2137,2096,2120,2162,2203,2269,2343,2456,2496,2573,2629,2687,2743,2806,2852
84,2804,2816,2833,2862,2883,2877,2854,2843,2862,2879,2883,2887,2894,2898,2904,2916,2926,2952,3011,3053,3075,3069,3050,3079,3218,3303,3344,3308,3206,3075,3039,3016,3001,2990,2973,2969,2959,2955,2953,2947,2939,2928,2915,2894,2880,2865,2850,2838,2827,2818,2799,2786,2769,2755,2745,2746,2747,2739,2725,2731,2750,2790,2851,2909,2891,2845,2800,2770,2721,2663,2636,2590,2529,2486,2460,2418,2381,2359,2338,2314,2303,2278,2260,2221,2198,2163,2127,2092,2108,2153,2202,2271,2341,2422,2498,2565,2615,2671,2727,2780,2839
85,2808,2817,2833,2866,2889,2870,2853,2850,2863,2888,2898,2900,2902,2906,2915,2927,2941,2978,3029,3054,3082,3087,3071,3113,3229,3303,3318,3286,3172,3070,3036,3022,3003,2988,2980,2971,2961,2955,2950,2945,2935,2927,2918,2899,2885,2864,2846,2837,2834,2822,2803,2793,2776,2758,2742,2732,2730,2728,2719,2718,2728,2754,2809,2879,2908,2860,2820,2778,2724,2673,2640,2586,2536,2497,2462,2414,2380,2360,2340,2318,2314,2297,2269,2229,2203,2168,2123,2083,2105,2147,2199,2258,2337,2464,2501,2566,2632,2678,2731,2783,2838
86,2817,2826,2839,2866,2881,2868,2859,2858,2867,2892,2904,2909,2912,2914,2921,2937,2959,2997,3022,3042,3069,3091,3094,3130,3244,3314,3313,3249,3110,3065,3042,3023,3007,2991,2978,2968,2960,2956,2947,2940,2934,2925,2918,2902,2884,2863,2848,2837,2843,2838,2817,2807,2786,2762,2745,2730,2715,2706,2707,2704,2712,2727,2766,2836,2914,2885,2843,2795,2738,2686,2651,2594,2545,2507,2469,2414,2381,2364,2338,2324,2325,2315,2271,2237,2208,2166,2123,2084,2095,2140,2202,2251,2333,2421,2501,2569,2642,2698,2744,2790,2837
87,2831,2841,2850,2873,2887,2876,2870,2873,2878,2903,2911,2913,2921,2923,2931,2951,2967,2985,3006,3036,3063,3094,3114,3139,3260,3328,3314,3236,3094,3060,3046,3022,3004,2993,2978,2964,2957,2958,2946,2934,2929,2921,2914,2900,2881,2861,2848,2833,2832,2837,2827,2812,2794,2772,2753,2735,2714,2699,2690,2693,2702,2716,2738,2799,2885,2894,2865,2818,2754,2703,2659,2604,2555,2520,2471,2410,2383,2365,2342,2329,2330,2319,2279,2249,2213,2168,2127,2087,2085,2127,2183,2237,2328,2462,2497,2568,2636,2699,2746,2791,2820
88,2843,2856,2861,2886,2898,2885,2888,2891,2896,2916,2918,2922,2931,2932,2941,2964,2971,2976,2990,3016,3045,3083,3118,3146,3269,3333,3308,3225,3100,3069,3055,3024,3008,2999,2981,2966,2958,2957,2942,2933,2925,2919,2913,2897,2882,2863,2850,2832,2818,2816,2812,2804,2796,2784,2767,2737,2709,2696,2685,2684,2692,2709,2729,2777,2851,2894,2879,2831,2771,2720,2665,2612,2565,2530,2472,2414,2383,2368,2349,2337,2333,2317,2279,2252,2217,2173,2134,2089,2068,2109,2163,2226,2317,2449,2489,2558,2630,2683,2735,2774,2801
89,2856,2877,2876,2891,2897,2889,2904,2906,2911,2925,2922,2933,2940,2935,2945,2971,2981,2982,2991,3007,3030,3066,3111,3141,3260,3313,3287,3177,3128,3078,3060,3029,3018,3011,2991,2973,2965,2960,2948,2934,2919,2919,2909,2896,2881,2865,2846,2831,2809,2796,2787,2785,2788,2784,2763,2732,2713,2699,2688,2683,2686,2700,2720,2764,2837,2896,2889,2840,2786,2736,2676,2621,2573,2533,2477,2417,2391,2373,2355,2342,2335,2315,2279,2249,2216,2174,2139,2099,2060,2092,2142,2196,2300,2439,2481,2537,2599,2657,2707,2755,2787
90,2880,2908,2892,2894,2894,2889,2913,2920,2926,2928,2924,2940,2945,2939,2950,2975,2993,2994,2999,3012,3030,3062,3108,3149,3238,3277,3261,3201,3144,3090,3060,3035,3032,3024,3003,2986,2974,2969,2952,2937,2920,2915,2908,2895,2882,2863,2844,2829,2810,2795,2780,2772,2773,2772,2753,2737,2733,2713,2696,2687,2678,2687,2710,2749,2817,2878,2888,2826,2797,2745,2683,2629,2579,2539,2486,2421,2393,2373,2358,2344,2334,2318,2278,2248,2217,2173,2143,2102,2055,2078,2124,2194,2236,2423,2470,2532,2574,2628,2685,2743,2780
91,2907,2923,2917,2905,2900,2889,2907,2923,2930,2929,2930,2944,2950,2947,2956,2976,2998,3004,3006,3019,3037,3064,3114,3159,3227,3259,3250,3213,3166,3109,3070,3045,3044,3039,3019,3000,2984,2977,2961,2948,2927,2919,2911,2896,2884,2867,2850,2837,2823,2805,2793,2780,2772,2766,2758,2756,2757,2754,2718,2700,2682,2682,2702,2739,2796,2851,2843,2814,2791,2754,2689,2638,2585,2542,2491,2434,2395,2373,2361,2353,2339,2324,2286,2249,2219,2178,2139,2099,2054,2072,2117,2176,2264,2384,2445,2512,2556,2616,2678,2737,2778
92,2924,2926,2928,2920,2913,2898,2904,2917,2923,2930,2935,2943,2953,2955,2958,2979,3006,3016,3021,3028,3044,3072,3124,3180,3238,3267,3262,3235,3185,3127,3085,3063,3055,3046,3031,3008,2997,2989,2980,2960,2934,2921,2908,2897,2883,2868,2856,2847,2834,2813,2799,2792,2787,2781,2779,2778,2781,2788,2762,2717,2687,2685,2702,2730,2782,2845,2842,2803,2782,2763,2699,2647,2586,2543,2498,2443,2401,2377,2368,2364,2352,2325,2300,2256,2219,2181,2137,2095,2062,2062,2117,2165,2218,2381,2436,2491,2554,2620,2683,2734,2779
93,2941,2931,2929,2923,2919,2908,2909,2921,2922,2931,2941,2948,2954,2958,2966,2993,3015,3028,3036,3041,3062,3086,3137,3207,3286,3291,3280,3253,3197,3140,3096,3072,3060,3050,3034,3007,3000,2991,2979,2961,2936,2916,2905,2894,2881,2868,2861,2855,2848,2835,2813,2804,2804,2798,2801,2801,2796,2790,2752,2716,2677,2691,2710,2732,2771,2830,2852,2811,2784,2765,2708,2656,2595,2548,2495,2448,2406,2385,2378,2377,2367,2342,2300,2257,2219,2178,2128,2086,2066,2054,2114,2167,2206,2315,2408,2514,2564,2636,2694,2734,2769
94,2956,2932,2927,2923,2920,2918,2919,2930,2931,2938,2951,2958,2962,2976,2987,3007,3033,3038,3043,3053,3080,3099,3152,3223,3307,3329,3287,3251,3197,3150,3114,3084,3069,3052,3031,3014,3002,2995,2981,2962,2945,2921,2911,2898,2884,2875,2868,2863,2864,2858,2833,2814,2813,2810,2817,2815,2786,2743,2705,2674,2667,2701,2728,2735,2753,2799,2869,2837,2798,2768,2722,2662,2596,2546,2505,2458,2424,2395,2391,2387,2375,2353,2309,2261,2213,2164,2119,2087,2058,2048,2098,2157,2188,2297,2395,2512,2573,2634,2696,2736,2759
95,2965,2943,2931,2928,2929,2926,2932,2942,2942,2946,2957,2968,2981,2997,3011,3025,3046,3046,3051,3064,3088,3115,3164,3237,3313,3347,3304,3245,3190,3155,3125,3097,3077,3054,3027,3019,3007,2997,2986,2963,2947,2930,2915,2901,2889,2880,2874,2874,2874,2866,2843,2822,2816,2815,2817,2793,2714,2649,2633,2633,2650,2720,2747,2739,2745,2769,2833,2858,2824,2775,2717,2652,2592,2549,2514,2467,2429,2399,2396,2387,2379,2362,2315,2258,2212,2162,2114,2086,2047,2044,2085,2142,2189,2286,2387,2515,2574,2623,2677,2726,2757
96,2991,2974,2952,2940,2942,2940,2945,2952,2951,2953,2961,2982,3001,3018,3031,3045,3059,3061,3063,3073,3093,3127,3181,3255,3324,3351,3313,3244,3187,3162,3131,3114,3100,3072,3038,3027,3017,3002,2990,2967,2950,2931,2915,2902,2893,2883,2876,2874,2873,2869,2859,2841,2824,2819,2804,2736,2657,2616,2595,2602,2638,2719,2758,2746,2747,2757,2779,2822,2831,2755,2685,2635,2583,2548,2506,2458,2428,2409,2396,2391,2379,2359,2322,2268,2224,2171,2118,2083,2048,2037,2069,2125,2178,2280,2404,2487,2562,2608,2641,2691,2737
97,3029,3009,2984,2956,2956,2955,2956,2962,2960,2959,2974,2995,3021,3034,3046,3060,3073,3082,3080,3085,3101,3138,3203,3272,3354,3384,3323,3255,3196,3166,3135,3132,3128,3087,3056,3048,3036,3011,2992,2972,2951,2935,2921,2907,2898,2888,2880,2875,2874,2877,2873,2857,2834,2816,2756,2685,2644,2606,2585,2595,2641,2716,2764,2755,2751,2755,2763,2775,2769,2710,2655,2613,2567,2529,2485,2444,2430,2414,2403,2398,2380,2360,2317,2276,2237,2184,2132,2084,2054,2019,2053,2103,2161,2338,2377,2468,2534,2574,2619,2669,2718
98,3066,3044,3019,2986,2973,2970,2970,2971,2971,2972,2986,3009,3033,3045,3054,3075,3087,3095,3095,3100,3123,3162,3229,3304,3387,3393,3333,3269,3202,3174,3142,3133,3123,3090,3072,3058,3047,3023,3006,2981,2954,2935,2925,2911,2901,2891,2886,2878,2872,2878,2872,2866,2848,2807,2724,2676,2644,2603,2578,2589,2635,2701,2752,2761,2748,2759,2760,2755,2731,2685,2639,2599,2555,2514,2478,2444,2428,2418,2411,2396,2377,2352,2308,2276,2244,2199,2144,2086,2056,2015,2043,2093,2141,2254,2397,2469,2517,2566,2618,2679,2725
99,3081,3056,3037,3025,3002,2995,2993,2983,2981,2988,3000,3020,3039,3051,3061,3085,3099,3102,3104,3120,3144,3186,3247,3335,3421,3387,3334,3271,3216,3181,3147,3131,3115,3095,3077,3064,3052,3032,3011,2987,2961,2940,2926,2912,2900,2892,2889,2880,2873,2878,2877,2871,2853,2796,2721,2676,2646,2607,2575,2578,2618,2680,2720,2740,2734,2751,2761,2741,2706,2667,2630,2594,2556,2518,2485,2449,2425,2417,2412,2388,2376,2347,2296,2274,2247,2198,2148,2102,2055,2012,2040,2076,2118,2235,2337,2437,2549,2589,2645,2692,2737
100,3096,3074,3061,3062,3043,3027,3024,3016,3008,2999,3007,3023,3045,3061,3075,3101,3112,3112,3113,3139,3176,3212,3261,3394,3423,3382,3328,3267,3222,3180,3150,3125,3114,3101,3079,3060,3052,3034,3014,2990,2963,2944,2930,2914,2898,2890,2886,2878,2873,2879,2886,2882,2861,2806,2728,2690,2659,2612,2575,2568,2598,2650,2685,2702,2704,2712,2734,2733,2703,2672,2643,2603,2558,2528,2490,2457,2421,2416,2410,2392,2373,2347,2292,2266,2239,2191,2148,2105,2052,2009,2040,2065,2134,2221,2325,2431,2563,2604,2659,2707,2751
